UNITID,INSTNM,PCIP01,PCIP03,PCIP04,PCIP05,PCIP09,PCIP10,PCIP11,PCIP12,PCIP13,PCIP14,PCIP15,PCIP16,PCIP19,PCIP22,PCIP23,PCIP24,PCIP25,PCIP26,PCIP27,PCIP29,PCIP30,PCIP31,PCIP38,PCIP39,PCIP40,PCIP41,PCIP42,PCIP43,PCIP44,PCIP45,PCIP46,PCIP47,PCIP48,PCIP49,PCIP50,PCIP51,PCIP52,PCIP54,CIP01BACHL,CIP03BACHL,CIP04BACHL,CIP05BACHL,CIP09BACHL,CIP10BACHL,CIP11BACHL,CIP12BACHL,CIP13BACHL,CIP14BACHL,CIP15BACHL,CIP16BACHL,CIP19BACHL,CIP22BACHL,CIP23BACHL,CIP24BACHL,CIP25BACHL,CIP26BACHL,CIP27BACHL,CIP29BACHL,CIP30BACHL,CIP31BACHL,CIP38BACHL,CIP39BACHL,CIP40BACHL,CIP41BACHL,CIP42BACHL,CIP43BACHL,CIP44BACHL,CIP45BACHL,CIP46BACHL,CIP47BACHL,CIP48BACHL,CIP49BACHL,CIP50BACHL,CIP51BACHL,CIP52BACHL,CIP54BACHL,NPT4_PUB,NPT41_PUB,NPT42_PUB,NPT43_PUB,NPT44_PUB,NPT45_PUB,NPT4_048_PUB,NPT4_3075_PUB,NPT4_75UP_PUB,NUM4_PUB,NUM41_PUB,NUM42_PUB,NUM43_PUB,NUM44_PUB,NUM45_PUB,PCTPELL,C150_4,D150_4,C150_4_NRA,PCTFLOAN,COMPL_RPY_1YR_RT,FEMALE_RPY_1YR_RT,MALE_RPY_1YR_RT,COMPL_RPY_3YR_RT,FEMALE_RPY_3YR_RT,MALE_RPY_3YR_RT,COMPL_RPY_5YR_RT,FEMALE_RPY_5YR_RT,MALE_RPY_5YR_RT,GRAD_DEBT_MDN,WDRAW_DEBT_MDN,LO_INC_DEBT_MDN,MD_INC_DEBT_MDN,HI_INC_DEBT_MDN,DEP_DEBT_MDN,IND_DEBT_MDN,PELL_DEBT_MDN,NOPELL_DEBT_MDN,FEMALE_DEBT_MDN,MALE_DEBT_MDN,FIRSTGEN_DEBT_MDN,NOTFIRSTGEN_DEBT_MDN,DEBT_N,GRAD_DEBT_N,WDRAW_DEBT_N,LO_INC_DEBT_N,MD_INC_DEBT_N,HI_INC_DEBT_N,DEP_DEBT_N,IND_DEBT_N,PELL_DEBT_N,NOPELL_DEBT_N,FEMALE_DEBT_N,MALE_DEBT_N,FIRSTGEN_DEBT_N,NOTFIRSTGEN_DEBT_N,FEMALE_RPY_1YR_N,MALE_RPY_1YR_N,FEMALE_RPY_3YR_N,MALE_RPY_3YR_N,FEMALE_RPY_5YR_N,MALE_RPY_5YR_N,MN_EARN_WNE_INDEP0_P6,MN_EARN_WNE_INDEP1_P6,MN_EARN_WNE_MALE0_P6,MN_EARN_WNE_MALE1_P6,GRAD_DEBT_MDN_SUPP,FEMALE_RPY_3YR_RT_SUPP,MALE_RPY_3YR_RT_SUPP,C100_4,D150_4_WHITE,D150_4_BLACK,D150_4_HISP,D150_4_ASIAN,D150_4_AIAN,D150_4_NHPI,D150_4_2MOR,D150_4_NRA,D150_4_UNKN,Year
145637,University of Illinois at Urbana-Champaign,0.0697,0.0067,0.0171,0.0084,0.0753,0,0.0419,0,0.025,0.2086,0,0.008,0.0064,0,0.0166,8.00E-04,0,0.0758,0.0284,0,0.0116,0.0313,0.0019,0,0.0339,0,0.0502,0,0.0067,0.0752,0,0,0,0,0.0212,0.0449,0.1269,0.0075,1,1,1,1,1,0,1,0,1,1,0,1,1,0,1,1,0,1,1,0,2,1,1,0,1,0,1,0,1,1,0,0,0,0,1,1,1,1,18243,7554,11108,16782,24097,27448,8893,14198,26361,3134,728,440,526,467,973,0.2067,0.852,6921,0.7976,0.3584,NULL,NULL,NULL,0.826999694,0.759841545,0.814108252,0.851710395,0.79471913,0.8309361,20127,9000,15500,19000,18151,18000,14981,18911,16862,18000,17503.5,17000,18000,9321,6982,2372,2146,2686,4489,8901,420,4426,4895,4391,4930,2022,7299,NULL,NULL,4039,4508,3863,4241,NULL,NULL,NULL,NULL,20127,0.759841545,0.814108252,0.6988,3940,359,508,980,6,26,144,904,54,2016-17
147767,Northwestern University,0,0.0056,0.0016,0.0079,0.1968,0,0.0341,0,0.0044,0.1385,0,0.0115,0,0.0103,0.0159,4.00E-04,0,0.0563,0.0254,0,0.0119,0,0.0087,0,0.0159,0,0.0698,0,0.0437,0.1714,0,0,0,0,0.0913,0.0103,0.0456,0.0226,0,1,1,1,1,0,1,0,1,1,0,1,0,1,1,1,0,1,1,0,1,0,1,0,1,0,1,0,1,1,0,0,0,0,1,1,1,1,NULL,NULL,NULL,NULL,NULL,NULL,NULL,NULL,NULL,NULL,NULL,NULL,NULL,NULL,NULL,0.142,0.9351,2126,0.9023,0.268,NULL,NULL,NULL,0.912743252,0.870201097,0.870116156,0.932013201,0.89801444,0.898924731,17500,9348,12500,17774.5,16979,17485.5,7000,18430.5,15495.5,15983,16539,16598,16360,2152,1806,361,482,546,1124,1826,326,702,1450,1094,1058,263,1889,NULL,NULL,1094,947,1108,930,NULL,NULL,NULL,NULL,17500,0.870201097,0.870116156,0.8396,1190,116,173,412,3,1,70,133,28,2016-17
151351,Indiana University,0,0.0027,0,0.0036,0.0842,0.0031,0.0619,0,0.0617,0,0,0.0181,0.0161,0,0.0117,0.0347,0,0.0831,0.015,0,0.0017,0.0788,0.002,0,0.0146,0,0.0443,0.0165,0.0686,0.0704,0,0,0,0,0.0484,0.0462,0.2042,0.0082,0,1,0,1,1,1,1,0,1,0,0,1,1,0,1,1,0,1,1,0,1,1,1,0,1,0,1,1,1,1,0,0,0,0,1,1,2,1,14303,5470,6901,12796,19209,21799,6092,10163,20749,2691,518,398,493,520,762,0.1533,0.7639,6977,0.7524,0.3071,NULL,NULL,NULL,0.821379625,0.711294544,0.720650338,0.888315345,0.796248254,0.757501531,21500,8750,15529,17766.5,18681.5,17744,21396.5,18796,17350,17750,18000,17750,18000,9366,5871,3524,1774,2500,5092,8906,460,3957,5409,4811,4555,2025,7341,NULL,NULL,4967,4736,5011,4899,NULL,NULL,NULL,NULL,21500,0.711294544,0.720650338,0.5976,5174,338,318,253,3,2,219,622,48,2016-17
153658,University of Iowa,0,0.0081,0,0.0042,0.0769,0,0.0227,0,0.0183,0.0811,0,0.0173,0,0,0.0405,0.04,0,0.0294,0.0238,0,0.0238,0.1332,0.005,0,0.0117,0,0.0603,0,0.0106,0.078,0,0,0,0,0.0525,0.0721,0.1781,0.0123,0,1,0,1,1,0,1,0,1,1,0,1,0,0,1,2,0,1,1,0,2,1,1,0,1,0,1,0,1,1,0,0,0,0,1,1,2,1,14192,8259,9753,13418,16607,17268,9021,11881,16994,1491,195,203,281,337,475,0.1879,0.7182,4457,0.7626,0.4182,NULL,NULL,NULL,0.793728564,0.708375125,0.711680912,0.825675973,0.768273717,0.759525826,21500,8266.5,13098,16500,17538,16815,12393,18531,14551,15831,16208,15991.5,16000,8652,5286,3412,2092,2401,4159,7265,1387,3696,4956,4673,3979,1918,6734,NULL,NULL,3988,3510,3858,3543,NULL,NULL,NULL,NULL,21500,0.708375125,0.711680912,0.5095,3389,111,230,134,9,6,83,337,158,2016-17
163286,University of Maryland,0.0291,0.0093,0.0087,0.0121,0.0624,0,0.0553,0,0.0328,0.1378,0,0.0201,0.0221,0,0.0202,0,0,0.0884,0.0176,0,0.0027,0.0358,0.0045,0,0.0183,0,0.0461,0,0,0.1636,0,0,0,0,0.0257,0.0284,0.1439,0.0151,1,1,1,1,1,0,1,0,1,1,1,1,1,1,1,1,0,1,1,0,1,1,1,0,1,0,1,1,0,1,0,0,0,0,1,1,1,1,16928,7645,10573,16013,20346,22922,8820,13892,22140,1133,206,138,216,174,399,0.1875,0.8641,3930,0.7917,0.3398,NULL,NULL,NULL,0.85514421,0.778929188,0.808324206,0.877538947,0.824377828,0.835671343,19500,10216,14463,16500,17500,16500,17750,16750,16500,16500,16509,15000,16994.5,8117,5814,2354,1808,2019,4290,7178,939,3635,4482,3929,4188,1583,6534,NULL,NULL,3474,3652,3536,3493,NULL,NULL,NULL,NULL,19500,0.778929188,0.808324206,0.6891,2175,509,295,562,8,0,121,72,188,2016-17
170976,University of Michigan - Ann Arbor,0,0.0143,0.0081,0.0155,0.0293,0,0.0772,0,0.0122,0.177,0,0.0254,0,0,0.0242,0.0103,0,0.0895,0.0294,0,0.0345,0.0317,0.0028,0,0.0177,0,0.0966,0,0.0092,0.1158,0,0,0,0,0.0608,0.0295,0.0751,0.0141,0,1,1,1,1,0,1,0,1,1,0,1,0,0,1,1,0,1,1,0,1,1,1,0,1,0,1,0,1,1,0,0,0,0,1,2,1,1,14897,2660,5878,10106,16677,24129,3894,8383,21479,1545,262,163,237,314,569,0.1517,0.9117,6443,0.9341,0.2989,NULL,NULL,NULL,0.826826827,0.768553459,0.814073596,0.833404075,0.793413174,0.812896759,19153,10284,15739,19049,18299.5,18481,12500,18536,17808,17674,18520,18045.5,18151.5,6786,5780,1046,1309,1639,3838,6476,310,2719,4067,3420,3366,1022,5764,NULL,NULL,3180,3098,3006,2993,NULL,NULL,NULL,NULL,19153,0.768553459,0.814073596,0.765,4480,282,273,874,11,0,211,258,54,2016-17
171100,Michigan State University,0.0498,0.0131,0.0031,6.00E-04,0.1254,1.00E-04,0.0145,0,0.0294,0.0764,0.0289,0.0118,0.0135,0.0084,0.0178,0.0041,0,0.0994,0.0116,0,0.0155,0.0363,9.00E-04,0,0.0127,0,0.0397,0.0199,0.0092,0.1107,0.001,0,0,0,0.0218,0.0405,0.1794,0.0045,1,1,1,1,1,1,1,0,1,1,1,1,1,1,1,1,0,1,1,0,1,1,1,0,1,0,1,1,1,1,0,0,0,0,1,2,1,1,17120,6665,12416,18143,22871,24846,8532,15367,24136,3461,928,446,474,580,1033,0.2254,0.7826,7221,0.706,0.4363,NULL,NULL,NULL,0.744590369,0.649569977,0.701226524,0.829370976,0.747089947,0.767112662,25200,10773,22000,25330,20500,21879,21130,25500,19500,22642,21188,24201.5,21500,13096,9301,4027,3221,3531,6344,12311,785,6464,6632,7199,5897,2856,10240,NULL,NULL,6395,5218,6615,5157,NULL,NULL,NULL,NULL,25200,0.649569977,0.701226524,0.5194,5213,499,271,312,14,2,205,636,69,2016-17
174066,University of Minnesota,0.0275,0.0164,0.0159,0.0037,0.0385,0,0.0529,0.0043,0.0516,0.1043,1.00E-04,0.0218,0.0172,0,0.0513,0,0,0.107,0.0355,0,0.0367,0.0124,0.0033,0,0.0287,0,0.0713,0,0,0.1192,0.0042,0,0,0,0.0341,0.0313,0.1022,0.0086,1,1,1,1,1,0,2,1,2,2,0,1,1,0,1,0,0,1,1,0,2,1,1,1,1,0,1,0,0,1,1,0,0,0,1,1,2,1,16993,7694,8246,12781,19554,23807,7942,10955,22275,2105,296,242,359,435,773,0.1938,0.7838,5310,0.8238,0.412,NULL,NULL,NULL,0.818910878,0.733959311,0.761930488,0.858185135,0.77984545,0.791014546,20000,10600,16500,16737.5,17610,16811.5,18750,18054,15750,16812,17500,17109,17000,12886,8342,4634,3109,3422,6355,11126,1760,5909,6977,7063,5823,2416,10470,NULL,NULL,6390,5553,6341,5431,NULL,NULL,NULL,NULL,20000,0.733959311,0.761930488,0.6122,4074,191,140,460,14,5,152,244,30,2016-17
181464,University of Nebraska,0.1006,0.0183,0.0219,0.0025,0.0771,0,0.0139,0,0.0733,0.1127,0.0189,0.0104,0.0809,3.00E-04,0.0161,5.00E-04,0,0.0506,0.0093,0,0.0085,0,0.0016,0,0.0123,0,0.0511,0.0041,0,0.0328,0,0,0,0,0.0339,0.0197,0.2171,0.0115,2,1,1,1,1,0,1,0,1,1,1,1,1,1,1,1,0,1,1,0,1,1,1,0,1,0,1,1,0,1,0,0,0,0,1,1,1,1,17311,12268,13165,16331,19964,20973,12676,15025,20532,2009,334,278,396,438,563,0.2051,0.6665,4039,0.7077,0.3934,NULL,NULL,NULL,0.821510884,0.730861965,0.750563698,0.855118952,0.771155034,0.775142857,21787.5,7500,12490,13500,14500,13500,16882,15000,13000,13500,14200,13500,14000,7575,3962,3644,1560,2322,3693,6927,648,3544,4031,3844,3731,1689,5886,NULL,NULL,3318,3548,3238,3500,NULL,NULL,NULL,NULL,21787.5,0.730861965,0.750563698,0.3617,3510,106,164,72,13,2,82,65,25,2016-17
186380,Rutgers University,0.0162,0.0123,0.0036,0.0068,0.0772,0,0.0631,0,0,0.1065,0,0.0123,0,0,0.0192,0,0,0.0964,0.0158,0,0.0122,0.0459,0.0054,0,0.018,0,0.0685,0.0331,0.0117,0.0874,0,0,0,0,0.0229,0.1034,0.1445,0.0176,1,1,1,1,1,0,2,0,0,1,0,1,0,0,1,0,0,1,1,0,1,1,1,0,1,0,2,2,2,2,0,0,0,0,1,2,2,1,20166,11893,13845,19937,26125,27750,12580,16900,27183,3511,930,505,508,547,1021,0.3149,0.8006,6028,0.76,0.5325,NULL,NULL,NULL,0.779382197,0.679555398,0.715551057,0.807862098,0.727177746,0.750108586,22250,12462.5,19103.5,20500,18750,19500,19109,21500,16000,19500,19125,19500,19500,21256,13971,7374,7200,6239,7817,17200,4056,12233,9023,11483,9773,7124,14132,NULL,NULL,8457,7903,7657,6907,NULL,NULL,NULL,NULL,22250,0.679555398,0.715551057,0.5915,2770,437,668,1679,4,28,218,125,99,2016-17
204796,The Ohio State University,0.0422,0.0183,0.0119,0.0028,0.0581,0,0.006,0,0.0311,0.1431,0,0.0184,0.0405,0,0.0175,0.0016,0,0.0862,0.0142,0,0.0028,0.0178,0.0026,0,0.0148,0,0.0541,0,0.0204,0.1031,0,0,0,0.0031,0.0231,0.0877,0.1698,0.0089,1,1,1,1,1,0,1,0,1,1,1,1,1,0,1,1,0,1,1,0,1,1,1,0,1,0,1,0,1,1,0,0,0,1,1,2,1,1,17231,8442,10850,15463,20029,22376,9431,13517,21517,2570,419,292,400,534,925,0.2042,0.8367,6651,0.8493,0.4141,NULL,NULL,NULL,0.746796827,0.605,0.651822311,0.789102686,0.665845033,0.693764631,21500,7500,13500,16000,16415.5,15500,16000,17000,14393,15500,15500,15695,15500,19962,12021,8131,5060,5714,9188,17301,2661,10097,9865,10221,9741,5525,14437,NULL,NULL,9200,9027,9331,9398,NULL,NULL,NULL,NULL,21500,0.605,0.651822311,0.5874,4981,401,232,373,24,0,77,491,72,2016-17
214777,Penn State University,0.0295,0.0129,0.006,0.0029,0.0873,0,0.0617,0,0.0315,0.1681,0,0.0129,0.0202,0,0.0092,8.00E-04,0,0.0561,0.0165,0,0.0128,0.0341,0.0032,0,0.0336,0.002,0.0346,0.0355,0,0.0766,0,0,0,0,0.0215,0.0548,0.169,0.0065,2,1,1,1,1,0,2,0,2,2,0,1,2,0,1,2,0,1,1,0,1,1,1,0,2,1,2,2,0,2,0,0,0,0,1,1,2,1,29806,20873,22463,26481,31105,33278,21488,25045,32730,2314,266,168,302,398,1180,0.1546,0.8553,7321,0.8138,0.4733,NULL,NULL,NULL,0.793193717,0.633280102,0.723372872,0.869772866,0.716619271,0.777003066,26120,9500,18750,20500,19750,20281,18000,21500,19000,19500,19750,19500,19970,35253,19877,15580,9569,10638,15046,28537,6716,17890,17363,17654,17599,11540,23713,NULL,NULL,15655,16271,15121,16637,NULL,NULL,NULL,NULL,26120,0.633280102,0.723372872,0.6752,5484,305,425,302,4,1,172,596,32,2016-17
240444,University of Wisconsin,0.0366,0.0162,0.0014,0.0123,0.0587,0,0.0289,0,0.0169,0.1176,0,0.0331,0.0264,0.0094,0.0197,0,0,0.1425,0.0215,0,0.0272,0.0143,0.0062,0,0.0199,0,0.0382,0,0.0114,0.1129,0,0,0,0,0.0198,0.0646,0.1256,0.0186,1,1,1,1,1,0,1,0,1,1,0,1,1,1,1,0,0,1,1,0,1,1,1,0,1,0,1,0,1,1,0,0,0,0,1,2,1,1,19320,7667,10700,16445,21835,23663,9235,14298,23069,1838,170,182,305,384,797,0.1353,0.8493,5920,0.814,0.3366,NULL,NULL,NULL,0.877771769,0.828542095,0.85095729,0.907372401,0.873796249,0.871179039,22241,11628.5,17000,21436.5,19568.5,19799.5,17853.5,21650,19444,20500,19200,20100,19500,7934,6035,1978,1014,2028,4892,7420,514,2626,5308,4175,3759,1221,6713,NULL,NULL,3896,3395,3946,3206,NULL,NULL,NULL,NULL,22241,0.828542095,0.85095729,0.5637,4676,120,226,343,17,9,144,371,14,2016-17
243780,Purdue University,0.0592,0.0099,0.0029,0.0036,0.0219,0,0.0549,0,0.0395,0.2052,0.0626,0.006,0.0156,0,0.0076,0.0061,0,0.0317,0.0353,0,0.0048,0.0143,9.00E-04,0,0.0216,0,0.0223,0,0,0.0464,0,5.00E-04,0,0.0163,0.0179,0.0704,0.2168,0.006,1,1,1,1,1,0,1,0,1,1,1,1,1,0,1,1,0,1,1,0,2,1,1,0,1,0,1,0,0,1,0,1,0,1,1,1,1,1,13545,4250,6005,10828,17605,21323,5103,8767,19806,2087,327,309,414,423,614,0.1771,0.7632,6454,0.7789,0.3122,NULL,NULL,NULL,0.858415842,0.756472699,0.800120652,0.903284072,0.81443299,0.840815563,20428,7000,15571,16845.5,18500,17380,15404,18000,16162,16874,17500,18500,16856,7840,5901,1964,1427,2182,4231,7349,491,3552,4288,3584,4256,1759,6081,NULL,NULL,3901,4973,3977,5346,NULL,NULL,NULL,NULL,20428,0.756472699,0.800120652,0.4883,4593,216,227,387,6,7,121,796,101,2016-17
145637,University of Illinois at Urbana-Champaign,0.0644,0.008,0.0191,0.0116,0.0751,0,0.0343,0,0.0232,0.2041,0,0.0091,0.0076,0,0.0193,0.0021,0,0.0702,0.0233,0,0.0095,0.04,0.0022,0,0.0308,0,0.0543,0,0.0067,0.0776,0,0,0,0,0.0216,0.053,0.1233,0.0096,1,1,1,1,1,0,1,0,1,1,0,1,1,0,1,1,0,1,1,0,2,1,1,0,1,0,1,0,1,1,0,0,0,0,1,1,1,1,18143,6906,11154,16974,23933,27207,8606,14297,26183,2784,613,409,480,401,881,0.2049,0.8517,6974,0.7783,0.3759,NULL,NULL,NULL,0.825991189,0.758230711,0.808123878,0.85845987,0.801008969,0.834739062,20500,8750,16500,19551,18500,18750,15205.5,19231.5,17750,19000,18250,18500,18634,9496,7267,2262,2129,2707,4660,9082,414,4450,5046,4403,5093,1972,7524,NULL,NULL,3979,4456,3568,3794,NULL,NULL,NULL,NULL,20500,0.758230711,0.808123878,0.7097,4310,413,471,931,11,1,148,672,17,2015-16
147767,Northwestern University,0,0.0085,0.0031,0.0066,0.2124,0,0.0201,0,0.005,0.1489,0,0.012,0,0.005,0.0232,8.00E-04,0,0.0507,0.0259,0,0.0085,0,0.0058,0,0.0162,0,0.0727,0,0.0398,0.1679,0,0,0,0,0.0832,0.0159,0.0456,0.0221,0,1,1,1,1,0,1,0,1,1,0,1,0,1,1,1,0,1,1,0,1,0,1,0,1,0,1,0,1,1,0,0,0,0,1,1,1,1,NULL,NULL,NULL,NULL,NULL,NULL,NULL,NULL,NULL,NULL,NULL,NULL,NULL,NULL,NULL,0.1376,0.9276,2128,0.8584,0.3008,NULL,NULL,NULL,0.919137466,0.861611374,0.880044843,0.930918846,0.90530303,0.887652948,18000,11000,8000,18599,18008,18000,6000,18420,15333,15425,16554,12865,16483,2414,1829,606,583,594,1237,1977,437,729,1685,1271,1143,300,2114,NULL,NULL,1055,892,1056,899,NULL,NULL,NULL,NULL,18000,0.861611374,0.880044843,0.8242,1186,117,148,467,3,1,31,113,62,2015-16
151351,Indiana University,0,0.0021,0,0.0053,0.0768,0.0015,0.0527,0,0.0651,0,3.00E-04,0.0203,0.0189,0,0.0129,0.0424,0,0.0764,0.0142,0,0.0015,0.0741,0.0057,0,0.0146,0,0.0459,0.0167,0.0676,0.0862,0,4.00E-04,0,0,0.0497,0.0404,0.1989,0.0096,0,1,0,1,1,1,1,0,1,0,0,1,1,0,1,1,0,1,1,0,1,1,1,0,1,0,1,1,1,1,0,0,0,0,1,1,2,1,15349,5875,8070,14989,20641,22226,6791,11944,21628,2600,518,371,472,468,771,0.1604,0.7706,7301,0.7494,0.3202,NULL,NULL,NULL,0.869123932,0.739243028,0.713116431,0.89375,0.798824298,0.76461039,22482.5,7750,14983,18404,18916,17819.5,18000,18524,17289,18200,17500,17362.5,18000,9572,5898,3717,1902,2618,5052,9076,496,4154,5418,4989,4583,2066,7506,NULL,NULL,5020,4887,4593,4312,NULL,NULL,NULL,NULL,22482.5,0.739243028,0.713116431,0.6012,5833,348,249,307,13,12,114,387,38,2015-16
153658,University of Iowa,0,0.0072,0,0.0045,0.0809,0,0.0159,0,0.0173,0.0916,0,0.018,0,0,0.0411,0.0413,0,0.0291,0.0254,0,0.0293,0.1271,0.005,0,0.0122,0,0.0578,0,0.0099,0.0832,0,0,0,0,0.0528,0.0576,0.1804,0.0124,0,1,0,1,1,0,1,0,1,1,0,1,0,0,1,2,0,1,1,0,2,1,1,0,1,0,1,0,1,1,0,0,0,0,1,1,2,1,14085,8188,10650,13560,16223,17551,9251,12298,17004,1385,237,180,235,302,431,0.1918,0.7208,4004,0.7345,0.4384,NULL,NULL,NULL,0.787415392,0.71053316,0.708204985,0.837914024,0.782800441,0.773410035,21500,8250,13500,16875,17857,17545,11766,18981,14849,16197,16649,16750,16250,8606,5385,3249,2117,2406,4083,7215,1391,3698,4908,4585,4021,1903,6703,NULL,NULL,3845,3571,3628,3129,NULL,NULL,NULL,NULL,21500,0.71053316,0.708204985,0.511,3224,88,188,124,7,7,48,226,92,2015-16
163286,University of Maryland,0.0257,0.0083,0.0082,0.0151,0.0624,0,0.0513,0,0.048,0.1226,0,0.0218,0.0235,1.00E-04,0.0236,0,0,0.0953,0.0184,0,0.0026,0.0339,0.0065,0,0.0214,0,0.047,0,0,0.1667,0,0,0,0,0.0265,0.0163,0.1349,0.0198,1,1,1,2,1,0,2,0,1,1,1,1,1,1,1,1,0,2,1,0,2,1,1,0,1,0,1,1,0,1,0,0,0,0,1,2,1,1,15634,5924,7903,12846,18745,22106,6857,10628,20913,1249,186,166,204,246,447,0.1941,0.8635,4199,0.7143,0.344,NULL,NULL,NULL,0.858476232,0.78726442,0.813352273,0.885815603,0.817955112,0.830754951,19500,8500,14000,16500,16835.5,16050,15620,16500,15534.5,16500,15750,15000,16500,8069,5772,2332,1790,2053,4226,7062,1007,3701,4368,3903,4166,1657,6412,NULL,NULL,3502,3520,3208,3232,NULL,NULL,NULL,NULL,19500,0.78726442,0.813352273,0.695,2630,367,275,676,7,2,94,84,64,2015-16
170976,University of Michigan - Ann Arbor,0,0.0135,0.0097,0.0133,0.0322,0,0.0575,0,0.0131,0.1706,0,0.0305,0,0,0.0295,0.0104,0,0.0946,0.0281,0,0.0326,0.0327,0.0052,0,0.0157,0,0.1021,0,0.0086,0.1241,0,0,0,0,0.058,0.0241,0.0747,0.0192,0,1,1,1,1,0,1,0,1,1,0,1,0,0,1,1,0,1,1,0,1,1,1,0,1,0,1,0,1,1,0,0,0,0,1,2,1,1,14521,3414,6561,9761,17163,23687,4610,8453,21461,1563,289,177,256,287,554,0.1538,0.9011,6019,0.8899,0.3202,NULL,NULL,NULL,0.821681232,0.77324263,0.793366501,0.840500945,0.79363337,0.804614812,20062.5,8545,15876,20400,19200,19250,12032.5,19170,18784,19041,18900,18872.5,19000,7001,5906,1129,1360,1768,3873,6691,310,2861,4140,3510,3491,1078,5923,NULL,NULL,3087,3015,2733,2687,NULL,NULL,NULL,NULL,20062.5,0.77324263,0.793366501,0.7481,4316,237,251,727,8,2,198,218,62,2015-16
171100,Michigan State University,0.0572,0.0115,0.0034,4.00E-04,0.1152,6.00E-04,0.0121,0,0.0336,0.0619,0.0285,0.0112,0.0151,0.0084,0.0191,0.006,0,0.0983,0.0092,0,0.0183,0.0376,0.0022,0,0.0147,0,0.046,0.0228,0.0086,0.1025,0.0018,0,0,0,0.0267,0.0484,0.1734,0.0053,1,1,1,1,1,1,1,0,1,1,1,1,1,1,1,1,0,1,1,0,1,1,1,0,1,0,1,1,1,1,0,0,0,0,1,2,1,1,16788,6639,11872,18207,22115,24008,8466,15178,23315,3294,833,447,488,559,967,0.2211,0.7717,7249,0.7048,0.4504,NULL,NULL,NULL,0.769259866,0.675089134,0.711992263,0.849066811,0.773173573,0.777118644,25250,8250,19750,24950,20112,21370,19250,24074.5,19500,21795.5,20435,24027,20500,13025,8991,4217,3218,3595,6212,12221,804,6386,6639,7170,5855,2961,10064,NULL,NULL,6451,5170,6009,4720,NULL,NULL,NULL,NULL,25250,0.675089134,0.711992263,0.5071,5207,600,226,353,31,6,78,630,118,2015-16
174066,University of Minnesota,0.0242,0.018,0.0181,0.0035,0.0339,0,0.0359,0.005,0.0499,0.1019,3.00E-04,0.0239,0.0192,0,0.0607,0,0,0.1139,0.0336,0,0.0404,0.0128,0.0049,0,0.0286,0,0.0713,0,0,0.1101,0.0038,0,0,0,0.0421,0.0277,0.1039,0.0124,1,1,1,1,1,0,2,1,2,2,0,1,1,0,1,0,0,1,1,0,2,1,1,1,1,0,1,0,0,1,1,0,0,0,1,1,2,1,16439,7368,8523,13010,19175,23109,7909,11048,21702,2184,321,283,364,435,781,0.2026,0.772,5381,0.7746,0.4229,NULL,NULL,NULL,0.816476231,0.734598631,0.754071059,0.851646447,0.778741866,0.782025214,20000,9442,16645,16750,16750,16500,18750,18221,15000,16600,16872.5,17644,16500,12773,8215,4640,3145,3490,6138,10917,1856,5956,6817,6985,5788,2489,10284,NULL,NULL,6428,5404,5532,4918,NULL,NULL,NULL,NULL,20000,0.734598631,0.754071059,0.5925,3986,244,127,566,72,20,0,346,20,2015-16
181464,University of Nebraska,0.0833,0.0196,0.0175,0.0019,0.0677,0,0.0102,0,0.0844,0.1045,0.015,0.0148,0.0903,0,0.0218,3.00E-04,0,0.0516,0.0075,0,0.0059,0,0.0024,0,0.0099,0,0.0559,0.0097,0,0.0395,0,0,0,0,0.0371,0.0244,0.2101,0.0148,2,1,1,1,1,0,1,0,1,1,1,1,1,1,1,1,0,1,1,0,1,1,1,0,1,0,1,1,0,1,0,0,0,0,1,1,1,1,16705,11782,12656,15629,19184,20264,12185,14389,19774,2210,356,305,426,509,614,0.2092,0.6704,3965,0.8167,0.3988,NULL,NULL,NULL,0.823981553,0.727762803,0.743392071,0.870068229,0.789714688,0.787309809,21533,7000,13134,14200,14250,13816.5,16900,15400,13000,13683,14309,13500,14000,7523,4017,3541,1567,2339,3617,6844,679,3488,4035,3722,3801,1728,5795,NULL,NULL,3339,3632,2839,3089,NULL,NULL,NULL,NULL,21533,0.727762803,0.743392071,0.3299,3409,117,169,99,19,0,0,60,92,2015-16
186380,Rutgers University,0.0176,0.0138,0.0049,0.0069,0.0783,0,0.0453,0,0,0.1024,0,0.0138,0,0,0.0234,0,0,0.0929,0.0152,0,0.0123,0.0436,0.0065,0,0.0166,0,0.0724,0.0293,0.0103,0.0928,0,0,0,0,0.0284,0.1143,0.1381,0.021,1,1,1,1,1,0,1,0,0,1,0,1,0,0,1,0,0,1,1,0,1,1,1,0,1,0,1,1,1,1,0,0,0,0,1,2,1,1,19924,11728,13732,19869,26158,27610,12446,16869,27114,3387,899,502,525,499,962,0.3095,0.8045,5822,0.7155,0.5227,NULL,NULL,NULL,0.768658878,0.669570552,0.709132055,0.812142324,0.724018649,0.754418763,22000,10166,18456,20500,18750,19500,18454.5,21000,15750,19499.5,18750,19250,19000,20468,14284,6305,7058,5979,7431,16450,4018,11873,8595,10914,9554,6834,13634,NULL,NULL,8150,7512,6649,5884,NULL,NULL,NULL,NULL,22000,0.669570552,0.709132055,0.5838,2793,397,626,1583,5,27,188,116,87,2015-16
204796,The Ohio State University,0.044,0.0145,0.0142,0.003,0.05,0,0.005,0,0.0274,0.143,0,0.0223,0.0517,0,0.0205,0.001,0,0.0774,0.0124,0,0.005,0.0133,0.0037,0,0.0121,0,0.0534,0,0.0212,0.1028,0,0,0,0.0028,0.0259,0.0888,0.1715,0.0131,1,1,1,1,1,0,1,0,2,1,1,1,1,0,1,1,0,1,1,0,1,1,1,0,1,0,1,0,1,1,0,0,0,1,1,2,1,1,18099,9959,12293,16652,20872,22606,11010,14790,21948,2626,393,322,432,561,918,0.2141,0.8316,6724,0.8582,0.428,NULL,NULL,NULL,0.749902191,0.608904548,0.65266559,0.800300946,0.675380994,0.700825063,21500,6500,12500,15695,16000,15000,14500,16000,14000,15367,14795,15000,15000,20031,11644,8535,5278,5905,8848,17257,2774,10459,9572,10321,9710,5911,14120,NULL,NULL,9366,9285,8071,8363,NULL,NULL,NULL,NULL,21500,0.608904548,0.65266559,0.5852,5297,375,189,430,25,0,0,275,133,2015-16
214777,Penn State University,0.0304,0.0124,0.0076,0.0026,0.0878,0,0.0621,0,0.0368,0.1485,0,0.0149,0.024,0,0.0105,5.00E-04,0,0.0576,0.0173,0,0.0134,0.037,0.0027,0,0.0349,0.0032,0.0389,0.0392,0,0.0794,0,0,0,0,0.022,0.0557,0.1515,0.0091,2,1,1,1,1,0,2,0,2,2,0,1,2,0,1,2,0,1,1,0,1,1,1,0,2,1,2,2,0,2,0,0,0,0,1,1,2,1,29226,20670,22888,25753,30496,32944,21626,24684,32223,2744,306,232,390,535,1281,0.1609,0.8566,6574,0.8065,0.4869,NULL,NULL,NULL,0.815925543,0.652022818,0.731654154,0.884568354,0.73246792,0.793586361,26687,8498,18250,20000,20017,20166,17173,20767.5,19000,19500,19500,19000,19750,34898,20191,14858,9581,10603,14714,28325,6573,17920,16978,17519,17379,11448,23450,NULL,NULL,15251,16516,13404,14781,NULL,NULL,NULL,NULL,26687,0.652022818,0.731654154,0.6429,4878,280,419,281,6,2,149,491,68,2015-16
240444,University of Wisconsin,0.0381,0.0172,0.0031,0.0143,0.0569,0,0.0235,0,0.0196,0.1177,0,0.0356,0.0264,0.0118,0.027,0,0,0.1355,0.019,0,0.0289,0.0143,0.0074,0,0.0213,0,0.0374,0,0.0112,0.1236,0,0,0,0,0.0249,0.0479,0.1158,0.0216,1,1,1,1,1,0,1,0,1,1,0,1,1,1,1,0,0,1,1,0,1,1,1,0,1,0,1,0,1,1,0,0,0,0,1,2,1,1,19378,8443,11061,17032,21726,23451,9738,14871,22809,1985,190,186,328,477,804,0.1446,0.8495,5673,0.7956,0.3489,NULL,NULL,NULL,0.889246498,0.842758985,0.853846154,0.910958904,0.880501393,0.87120954,21796.5,9950,17946.5,21000,19500,19530,18264,22000,18750,19892,19500,20631,19500,8102,6324,1803,1102,2122,4878,7486,616,2787,5315,4260,3842,1227,6875,NULL,NULL,3784,3250,3590,2935,NULL,NULL,NULL,NULL,21796.5,0.842758985,0.853846154,0.5604,4394,136,268,322,18,6,145,274,110,2015-16
243780,Purdue University,0.0613,0.0113,0.0025,0.003,0.024,0,0.0433,0,0.0405,0.2124,0.0622,0.0066,0.0192,0,0.0089,0.0076,0,0.0297,0.0305,0,0.0039,0.0125,0.0025,0,0.0189,0,0.0192,0,0,0.0546,0,5.00E-04,0,0.0177,0.021,0.0657,0.2157,0.0048,1,1,1,1,1,0,1,0,1,1,1,1,1,0,1,1,0,1,1,0,1,1,1,0,1,0,1,0,0,1,0,1,0,1,1,1,1,1,13516,4446,5796,11233,17953,20886,5077,8867,19668,1932,321,282,366,400,563,0.189,0.7462,6308,0.7883,0.3316,NULL,NULL,NULL,0.869897544,0.76780341,0.796662191,0.914940422,0.828500414,0.839167834,21500,7500,16500,17974,19237,18500,17002,18925,17897,18205,18500,18804,18335,8111,6129,2025,1561,2355,4195,7560,551,3828,4283,3603,4508,1875,6236,NULL,NULL,3988,5213,3621,4999,NULL,NULL,NULL,NULL,21500,0.76780341,0.796662191,0.4654,4560,239,172,287,18,0,0,685,347,2015-16
145637,University of Illinois at Urbana-Champaign,0.065,0.0093,0.0207,0.0121,0.0828,0,0.031,1.00E-04,0.028,0.1907,0,0.0098,0.0095,0,0.0206,0.0014,0,0.0736,0.022,0,0.0111,0.0348,0.0039,0,0.0275,0,0.0576,0,0.0063,0.0729,0,0,0,9.00E-04,0.0263,0.049,0.1182,0.0146,1,1,1,1,1,0,1,1,1,1,0,1,1,0,1,1,0,1,1,0,2,1,1,0,1,0,1,0,1,1,0,0,0,0,1,1,1,1,18375,7801,12231,17934,24625,27070,9576,15076,26246,2966,700,468,466,449,883,0.2058,0.8416,7277,0.7269,0.3893,0.809044423,0.738982162,0.782801212,0.83081466,0.763408658,0.804118657,0.880060252,0.821071218,0.843169853,20500,8500,16500,19250,19000,18500,15261.5,19000,18000,19000,18014,18773,18463,9551,7401,2158,2111,2771,4669,9157,394,4499,5052,4525,5026,2087,7464,3812,4291,3673,4079,3398,3609,52100,56300,45400,58100,20500,0.763408658,0.804118657,0.6922,4416,478,519,983,14,5,142,681,39,2014-15
147767,Northwestern University,0,0.0066,0.0027,0.0074,0.183,0,0.0164,0,0.0059,0.1455,0,0.0145,0,0,0.0184,4.00E-04,0,0.0637,0.0301,0,0.009,0,0.0102,0,0.018,0,0.079,0,0.0458,0.1643,0,0,0,0,0.0876,0.0156,0.052,0.0239,0,1,0,2,1,0,1,0,1,1,0,1,0,1,1,1,0,1,1,0,1,0,1,0,1,0,1,0,1,1,0,0,0,0,1,1,1,1,NULL,NULL,NULL,NULL,NULL,NULL,NULL,NULL,NULL,NULL,NULL,NULL,NULL,NULL,NULL,0.14,0.9331,2077,0.9008,0.3237,0.890384615,0.839577329,0.854625551,0.917130919,0.871183206,0.883014623,0.930983847,0.907278166,0.895968791,16905,10160,6000,16666,17500,17190,6000,17092,14500,14500,15500,12074,15172,2697,2011,691,631,696,1370,2166,531,764,1933,1457,1240,325,2372,1041,908,1048,889,1003,769,61500,94600,65600,80000,16905,0.871183206,0.883014623,0.8536,1167,82,148,439,2,1,27,121,90,2014-15
151351,Indiana University,0,0.0023,0,0.0056,0.0876,0.002,0.0389,0,0.065,0,4.00E-04,0.0239,0.0163,0,0.0195,0.0379,0,0.0783,0.0155,0,0.0076,0.0741,0.0057,0,0.0133,0,0.0478,0.0177,0.0618,0.087,0,0,0,0,0.0511,0.0345,0.191,0.015,0,1,0,1,1,1,1,0,1,0,0,1,1,0,1,1,0,1,1,0,1,1,1,0,1,0,1,1,1,1,0,0,0,0,1,1,2,1,14370,4855,7515,13120,20153,21554,5945,10494,20978,2581,539,374,424,511,733,0.1643,0.7764,7550,0.6912,0.3183,0.789080728,0.672186837,0.682119205,0.870023981,0.762489592,0.720412024,0.888973771,0.798712139,0.772929187,22529.5,8975,14600,18430,19250,18000,16000,18142,17617,18725,17152.5,17405.5,18000,10081,5502,4603,2024,2828,5229,9535,546,4516,5565,5139,4942,2170,7911,4710,4530,4804,4757,4193,3827,44300,41000,40600,47800,22529.5,0.762489592,0.720412024,0.5944,6307,343,227,299,14,5,98,217,40,2014-15
153658,University of Iowa,0,0.0056,0,0.0048,0.0745,0,0.0158,0,0.0283,0.0706,0,0.0237,0,0,0.0435,0.0431,0,0.0306,0.0279,0,0.0275,0.1131,0.0085,0,0.015,0,0.0602,0,0.0112,0.0804,0,0,0,0,0.0516,0.0802,0.1693,0.0146,0,1,0,1,1,0,1,0,1,1,0,1,0,0,1,2,0,1,1,0,2,1,1,0,1,0,1,1,1,1,0,0,0,0,1,1,2,1,14863,8584,10751,14719,17575,18256,9571,13114,17939,1307,208,174,256,312,357,0.1883,0.7004,4182,0.7279,0.4554,0.763515245,0.669796137,0.672908487,0.795769843,0.729414951,0.718686428,0.855915562,0.795546559,0.787487249,21500,7500,12500,17007,18500,17875,9956.5,18750,15000,16500,16580,17500,16250,8693,5516,3190,2169,2490,4034,7247,1446,3709,4984,4583,4110,1928,6765,3728,3311,3692,3441,3458,2941,44200,63200,44300,51100,21500,0.729414951,0.718686428,0.4816,3458,102,139,144,21,11,0,147,160,2014-15
163286,University of Maryland,0.0247,0.0079,0.0088,0.0126,0.0651,0,0.0416,0,0.0503,0.1212,0,0.025,0.0241,1.00E-04,0.0282,0,0,0.0933,0.0168,0,0.0016,0.0362,0.0064,0,0.0201,0,0.0454,0,0,0.1671,0,0,0,0,0.0279,0.0167,0.1392,0.0194,1,1,1,1,1,0,1,0,1,1,0,1,1,1,1,1,0,1,1,0,1,1,1,0,1,0,1,0,0,1,0,0,0,0,1,1,1,1,15817,6938,9521,14502,19152,21418,8043,12445,20614,1151,194,145,206,215,391,0.1964,0.8475,3907,0.7719,0.3501,0.829950383,0.750771129,0.781959207,0.85,0.790802525,0.80119225,0.893649579,0.814108675,0.838122605,19500,8340.5,14037,16500,16750,16103.5,15500,16786,15460,17000,15205.5,15500,16250,8045,5793,2264,1792,2150,4103,6992,1053,3735,4310,4001,4044,1669,6376,3242,3481,3327,3355,3147,3132,50100,50200,45300,54400,19500,0.790802525,0.80119225,0.6699,2287,514,283,579,8,5,87,57,87,2014-15
170976,University of Michigan - Ann Arbor,0,0.014,0.01,0.017,0.028,0,0.0444,0,0.0136,0.181,0,0.0331,0,0,0.029,0.0112,0,0.1019,0.0257,0,0.0295,0.0318,0.0055,0,0.013,0,0.0979,0,0.0089,0.1279,0,0,0,0,0.0568,0.0349,0.0663,0.0187,0,1,1,1,1,0,1,0,1,1,0,1,0,0,1,1,0,1,1,0,1,1,1,0,1,0,1,0,1,1,0,0,0,0,1,2,1,1,15787,5470,7735,11409,18251,23327,6420,9987,21454,1754,266,192,304,366,626,0.1569,0.9087,5738,0.8722,0.342,0.799120235,0.731568365,0.77713508,0.807033363,0.753546099,0.774717514,0.851497609,0.800464037,0.819109841,20886,8083,16622.5,21085,19787,19849.5,13880,19761.5,19500,19812,19500,20231,19500,7304,6093,1225,1428,1893,3983,6952,352,3046,4258,3687,3617,1152,6152,2984,2939,2820,2832,2586,2449,55400,58400,47900,64300,20886,0.753546099,0.774717514,0.7557,3821,309,232,649,11,2,213,227,274,2014-15
171100,Michigan State University,0.0479,0.0147,0.0052,2.00E-04,0.1093,0.0014,0.0099,0,0.0304,0.0613,0.0228,0.0135,0.0175,0.0102,0.0201,0.0045,0,0.1002,0.012,0,0.0178,0.0342,0.0017,0,0.0162,0,0.0462,0.0226,0.0114,0.1104,9.00E-04,0,0,0,0.0252,0.0518,0.1709,0.0097,1,1,1,1,1,1,1,0,1,1,1,1,1,1,1,1,0,1,1,0,1,1,1,0,1,0,1,1,1,1,0,0,0,0,1,2,1,1,16382,6434,11999,17744,21775,23569,8265,15111,22881,3295,865,424,501,577,928,0.227,0.7886,7385,0.672,0.4632,0.70206644,0.599966566,0.657937147,0.794908062,0.702225755,0.72751004,0.859739118,0.792257361,0.785632839,25215,8250,18261.5,24185.5,20000,20748,18529,23000,19127.5,21500,19820,22849,20096.5,13063,8633,4497,3238,3656,6169,12251,812,6433,6630,7161,5902,3073,9990,5982,4964,6290,4980,5502,4385,45200,46000,40500,50900,25215,0.702225755,0.72751004,0.5285,5488,563,206,326,25,5,82,564,126,2014-15
174066,University of Minnesota,0.0227,0.0181,0.0211,0.0031,0.0327,0,0.0396,0.0029,0.0474,0.1042,1.00E-04,0.0254,0.0179,0,0.0539,0,0,0.087,0.0323,0,0.0401,0.0401,0.0033,0,0.0297,0,0.0711,0,0,0.1216,0,0,0,0,0.0411,0.0276,0.1043,0.0128,1,1,1,1,1,0,2,1,2,2,0,1,1,0,1,0,0,1,1,0,2,1,1,0,1,0,1,0,0,1,0,0,0,0,1,1,2,1,16954,8650,9583,14683,20036,23108,9070,12452,21858,2363,376,308,396,522,761,0.2076,0.784,5089,0.7473,0.4344,0.789753826,0.69717608,0.726965024,0.828951536,0.736039768,0.755008586,0.863627766,0.787423484,0.788710043,20500,8500,16500,17265.5,16250,16400,18500,18061,15000,16579,16500,17794,16230.5,13247,8501,4771,3381,3776,6090,11197,2050,6411,6836,7211,6036,2759,10488,6020,5318,6035,5241,5391,4411,44400,53300,41600,51100,20500,0.736039768,0.755008586,0.5846,3729,259,123,591,67,0,0,277,43,2014-15
181464,University of Nebraska,0.0884,0.0235,0.0191,0.0041,0.0664,0,0.0121,0,0.0773,0.1101,0.0158,0.0129,0.0788,3.00E-04,0.0225,8.00E-04,0,0.0509,0.0101,0,0.0101,0,0.0021,0,0.0132,0,0.0553,0.0034,0,0.0339,0,0,0,0,0.0308,0.023,0.2171,0.0181,2,1,1,1,1,0,1,0,1,1,1,1,1,1,1,1,0,1,1,0,1,1,1,0,1,0,1,1,0,1,0,0,0,0,1,1,1,1,16177,11395,12149,15016,19067,19869,11755,13744,19506,2170,362,330,414,482,582,0.1989,0.6679,4164,0.7049,0.3856,0.785071466,0.675917065,0.710797293,0.831308669,0.736351959,0.740089419,0.886828645,0.801279639,0.802757158,21500,7000,12500,14017,13946,13500,14715,14576,12475,13534,13656,12500,14000,7788,4278,3534,1629,2554,3605,7059,729,3684,4104,3801,3987,1840,5948,3135,3399,3114,3355,2657,2829,39900,40000,35800,43700,21500,0.736351959,0.740089419,0.3307,3582,88,181,98,26,0,0,61,128,2014-15
186380,Rutgers University,0.0163,0.0137,0.0045,0.0072,0.0829,0,0.036,0,0,0.0971,0,0.0151,0,0,0.0271,0,0,0.0841,0.0147,0,0.0101,0.0474,0.0079,0,0.015,0,0.0793,0.0338,0.0081,0.1007,0,0,0,0,0.0288,0.1147,0.1299,0.0253,1,1,1,1,1,0,1,0,0,1,0,1,0,0,1,0,0,1,1,0,1,1,1,0,1,0,1,1,1,1,0,0,0,0,1,2,1,1,20079,11953,14073,20537,25822,27086,12729,17383,26641,3711,950,548,575,576,1062,0.2996,0.8068,5834,0.775,0.5236,0.727744737,0.625202745,0.665296925,0.768256741,0.671307671,0.708270677,0.82133995,0.737818296,0.761670762,21500,9500,17250,19500,17791.5,18750,15974.5,20050,15000,18500,18000,18750,18000,20611,13906,6743,7023,6078,7510,16619,3992,11791,8820,10901,9710,6567,14044,8015,7544,7326,6650,6362,5291,46900,54700,45900,50600,21500,0.671307671,0.708270677,0.59,2813,455,640,1511,4,34,182,80,115,2014-15
204796,The Ohio State University,0.0378,0.0121,0.013,0.0021,0.0509,0,0.0048,0,0.0195,0.1324,0,0.0211,0.0693,0,0.0254,0.002,0,0.0701,0.0108,0,0.0076,0.0114,0.0029,0,0.0105,0,0.0527,0,0.0236,0.1094,0,0,0,0.0023,0.0302,0.0881,0.1752,0.0148,1,1,1,1,1,0,1,0,1,1,1,1,1,0,1,1,0,1,1,0,1,1,1,0,1,0,1,0,1,1,0,0,0,1,1,1,1,1,18068,10566,12647,16695,20492,22498,11418,15194,21696,2778,433,300,509,614,922,0.2243,0.835,6151,0.7735,0.4401,0.708298231,0.558470328,0.606354398,0.750618996,0.613189529,0.651515152,0.813353566,0.6875,0.711260331,21641,6500,12500,15500,16347,15000,14250,15750,14382,15064,14762,14500,15000,19727,11152,8679,5370,6005,8352,16790,2937,10562,9165,10176,9551,6004,13723,8577,8561,8901,9042,7488,7744,41700,40200,37500,45100,21641,0.613189529,0.651515152,0.6145,4905,363,190,360,19,0,0,234,80,2014-15
214777,Penn State University,0.0329,0.014,0.0074,0.003,0.0935,0,0.0508,0,0.0394,0.1459,0,0.0144,0.0246,0,0.0134,0.0015,0,0.0514,0.0175,0,0.0133,0.0384,0.0042,0,0.0342,0.0021,0.0429,0.0393,0,0.0796,0,0,0,0,0.0228,0.0563,0.1454,0.0121,2,1,1,1,1,0,2,0,2,2,0,1,2,0,1,1,0,1,1,0,1,1,1,0,1,1,2,2,0,2,0,0,0,0,2,2,2,1,28201,20010,20750,25404,29648,31680,20341,23528,31066,2844,311,252,373,576,1332,0.1661,0.8611,7241,0.802,0.5021,0.760363336,0.593178884,0.683980458,0.843335043,0.678817056,0.744173107,0.886916936,0.74125758,0.800871656,26933,7500,17118,19960,20500,20000,16045,20107.5,19000,19500,19500,18750,19500,34662,20123,14690,9617,10795,14250,28348,6314,18130,16532,17271,17391,11437,23225,14719,15556,14540,16175,12039,13308,43500,44200,39000,47200,26933,0.678817056,0.744173107,0.6556,5833,269,320,409,6,0,0,404,0,2014-15
240444,University of Wisconsin,0.0303,0.0163,0.0031,0.0137,0.057,0,0.0225,0,0.0288,0.1016,0,0.0393,0.0257,0.0099,0.0243,0,0,0.1367,0.0191,0,0.0258,0.0157,0.011,0,0.0206,0,0.0425,0,0.0143,0.1381,0,0,0,0,0.0278,0.0461,0.1025,0.0272,1,1,1,1,1,0,1,0,1,1,0,1,1,1,1,0,0,1,1,0,1,1,1,0,1,0,1,0,1,1,0,0,0,0,1,2,1,1,18397,9235,10514,16747,21142,22851,9865,14273,22184,2064,242,235,357,480,750,0.1522,0.8368,5759,0.8324,0.3617,0.85400638,0.797260274,0.82002457,0.894757823,0.848452221,0.8455258,0.915054481,0.883244207,0.872909699,22500,9174,17496,20994.5,20091,20250,18000,22590,19000,20250,20000,20500,20000,8250,6396,1873,1159,2228,4863,7585,665,2915,5335,4409,3841,1341,6909,3650,3256,3715,3062,3366,2691,49800,48100,44600,55000,22500,0.848452221,0.8455258,0.5466,4465,132,246,272,20,9,86,340,189,2014-15
243780,Purdue University,0.057,0.0129,0.0033,0.0031,0.0255,0,0.0455,0,0.0451,0.1979,0.0476,0.0075,0.0176,0,0.012,0.0049,0,0.0321,0.0321,0,0.0056,0.0108,0.0021,0,0.0188,0,0.0256,0,0,0.06,0,0.0024,0,0.016,0.0207,0.0664,0.2193,0.008,1,1,1,1,1,0,1,0,1,1,1,1,1,0,1,1,0,1,1,0,1,1,1,0,1,0,1,0,0,1,0,1,0,1,1,1,1,1,14797,7153,8073,13391,18638,21144,7563,11221,19986,1982,341,275,399,447,520,0.2017,0.7295,7058,0.7195,0.3559,0.821917808,0.722417999,0.759815242,0.88204785,0.782869045,0.804700936,0.924428105,0.839838104,0.837687366,22500,7500,17694,19103.5,19500,19344,17880,19500,18875.5,19000,19500,19500,19072,8606,6453,2169,1653,2524,4429,7967,639,4160,4446,3709,4897,2018,6588,3689,4763,3841,5233,3459,4670,48800,50800,43200,53300,22500,0.782869045,0.804700936,0.4527,5628,238,197,397,44,0,0,517,37,2014-15
145637,University of Illinois at Urbana-Champaign,0.0582,0.0064,0.0221,0.0166,0.0858,0,0.0271,0,0.0328,0.1763,0,0.0095,0.0076,0,0.0275,9.00E-04,0,0.0808,0.0182,0,0.0069,0.0397,0.0031,0,0.0276,0,0.0571,0,0.0077,0.0773,0,0,0,4.00E-04,0.0234,0.0464,0.1243,0.0162,1,1,1,1,1,0,1,0,1,1,0,1,1,0,1,1,0,1,1,0,2,1,1,0,1,0,1,0,1,1,0,0,0,0,1,1,1,1,18798,7954,12778,18603,24403,26925,9801,15874,25998,2879,659,409,464,495,852,0.2019,0.838,6930,0.7185,0.4097,0.797632747,0.72768573,0.770260747,0.842634776,0.7776791,0.807407407,0.895244216,0.836309524,0.857099237,20450,8323,16500,18500,19000,18500,13797,18929,17500,18862,17950,19000,18107,9353,7247,2149,1987,2745,4621,8972,381,4328,5025,4451,4902,2173,7180,3742,4257,3378,3645,3024,3275,48800,51900,43400,53800,20450,0.7776791,0.807407407,0.6839,4412,474,533,930,7,6,131,405,32,2013-14
147767,Northwestern University,0,0.009,0,0.0037,0.2016,0,0.0181,0,0.0049,0.131,0,0.0193,0,0,0.0283,8.00E-04,0,0.0517,0.0242,0,0.0049,0,0.0111,0,0.0201,0,0.0837,0,0.0353,0.1683,0,0,0,0,0.0915,0.0222,0.039,0.0312,0,1,0,1,1,0,1,0,1,1,0,1,0,1,1,1,0,1,1,0,1,0,1,0,1,0,1,0,1,1,0,0,0,0,1,1,1,1,NULL,NULL,NULL,NULL,NULL,NULL,NULL,NULL,NULL,NULL,NULL,NULL,NULL,NULL,NULL,0.1416,0.9419,1979,0.9,0.3456,0.894204852,0.837073171,0.849770642,0.925820257,0.899492386,0.87251462,0.94275492,0.917301415,0.922971114,16743.5,6625,7000,15500,17783.5,17500,6000,16646,14000,14050,15332,12000,15000,2799,2300,521,632,747,1420,2189,610,785,2014,1504,1295,342,2457,1025,872,985,855,919,727,57200,95900,63500,79800,16743.5,0.899492386,0.87251462,0.8615,1112,94,153,390,5,1,36,90,98,2013-14
151351,Indiana University,0,0.0021,0,0.0035,0.0799,0.0016,0.033,0,0.0848,0,5.00E-04,0.0249,0.017,0,0.0194,0.0334,0,0.0763,0.0124,0,0.0073,0.0759,0.0055,0,0.0148,0,0.0467,0.0176,0.0654,0.0747,0,1.00E-04,0,0,0.051,0.0306,0.205,0.0165,0,1,0,1,1,1,1,0,1,0,0,1,1,0,1,2,0,1,1,0,1,1,1,0,1,0,1,1,1,1,0,0,0,0,1,1,1,1,14174,4632,8155,14812,19457,20534,6202,11853,20048,2765,537,432,540,566,690,0.1937,0.7705,7167,0.6552,0.3936,0.833515284,0.699105843,0.675611851,0.869283865,0.758784856,0.727904192,0.886893204,0.804705882,0.785714286,23000,12000,15082,18342,19500,18434,17591,18562,17819.5,18535.5,17955.5,17466,18500,10432,4408,6061,2045,3002,5385,9841,591,4722,5710,5278,5154,2344,8088,4809,4658,4411,4175,3825,3486,41900,42000,38600,45300,23000,0.758784856,0.727904192,0.5825,5975,315,206,275,21,2,68,261,44,2013-14
153658,University of Iowa,0,0.0069,0,0.0065,0.0758,0,0.0178,0,0.0302,0.0638,0,0.0215,0,0,0.0426,0.0599,0,0.0324,0.0193,0,0.0376,0.0895,0.0052,0,0.0102,0,0.0617,0,0.0102,0.0814,0,0,0,0,0.063,0.0634,0.1802,0.0208,0,1,0,1,1,0,1,0,1,1,0,1,0,0,1,2,0,1,1,0,2,1,1,0,1,0,1,1,1,1,0,0,0,0,1,1,2,1,16447,11351,13347,16046,18839,18985,12351,14889,18915,1316,191,192,256,324,353,0.1906,0.6962,4253,0.6415,0.4722,0.747639035,0.660596027,0.656646036,0.808733838,0.74211288,0.735973597,0.882025598,0.81634585,0.805627545,21500,8980,12424.5,16750,18000,17500,9706,18500,15000,16022,16004,16930,15836,8784,4977,3840,2184,2577,4023,7293,1491,3759,5025,4601,4183,1950,6834,3624,3393,3455,3030,3169,2701,42000,58600,42000,48300,21500,0.74211288,0.735973597,0.4752,3631,107,127,158,18,7,0,53,152,2013-14
163286,University of Maryland,0.0283,0.0067,0.0089,0.0155,0.0592,0,0.0383,0,0.0487,0.1145,0,0.0254,0.0228,0,0.0357,1.00E-04,0,0.0945,0.0165,0,0.0018,0.035,0.0067,0,0.0189,0,0.0453,0,0,0.1722,0,0,0,0,0.0309,0.0121,0.1352,0.0268,1,1,1,1,1,0,1,0,1,1,0,1,1,1,1,1,0,1,1,0,1,1,1,0,1,0,1,0,0,1,0,0,0,0,1,1,1,1,16217,7740,11185,15134,19364,21160,9238,13567,20472,1197,195,150,228,239,385,0.1907,0.8406,4229,0.6596,0.3581,0.83799639,0.762557078,0.78804026,0.857390443,0.787227002,0.79896574,0.907216495,0.835767724,0.847198051,19000,10500,13750,15500,16750,15500,16000,16000,15000,15750,15249,16040,15469,8042,5280,2791,1721,2177,4144,6996,1046,3601,4441,3977,4065,1633,6409,3285,3378,3022,3094,2807,2873,47800,47600,43100,52000,19000,0.787227002,0.79896574,0.6572,2566,523,318,572,8,3,95,47,97,2013-14
170976,University of Michigan - Ann Arbor,0,0.0168,0.0128,0.0166,0.0279,0,0.038,0,0.0138,0.1684,0,0.0415,0,0,0.0316,0.012,0,0.0982,0.0314,0,0.0283,0.0298,0.0045,0,0.0147,0,0.0967,0,0.0093,0.1273,0,0,0,0,0.057,0.0374,0.0642,0.0218,0,1,1,1,1,0,1,0,1,1,0,1,0,0,1,1,0,1,1,0,1,1,1,0,1,0,1,0,1,1,0,0,0,0,1,2,1,1,16287,5529,9397,13575,18598,23222,7156,11756,21451,1789,288,209,271,391,630,0.157,0.8997,5955,0.8652,0.3665,0.785265439,0.724598016,0.754355401,0.813537997,0.751460849,0.772601658,0.864466706,0.808080808,0.821716453,21500,8500,17390,21260,20402.5,20250,15653.5,20321,19875,20016,20000,20112,20000,7404,6092,1329,1417,1959,4028,7036,368,3047,4357,3745,3659,1181,6223,2923,2870,2567,2533,2277,2109,53700,64000,48400,64500,21500,0.751460849,0.772601658,0.7579,3873,267,286,727,14,1,186,230,371,2013-14
171100,Michigan State University,0.0442,0.0113,0.0051,7.00E-04,0.1048,0.0072,0.0101,0,0.0386,0.0569,0.0264,0.0149,0.0143,0.0087,0.0258,0.0041,0,0.1086,0.0085,0,0.0204,0.0301,0.0024,0,0.0156,0,0.0484,0.0243,0.0103,0.1004,0.001,0,0,0,0.0235,0.0545,0.1697,0.009,1,1,1,1,1,1,1,0,1,1,1,1,1,1,1,1,0,1,1,0,1,1,1,0,1,0,1,1,1,1,0,0,0,0,1,2,1,1,16507,6293,13088,18402,21666,22643,8734,15918,22245,3520,858,481,548,665,968,0.2387,0.7736,7398,0.6225,0.4845,0.722687975,0.621697029,0.659777102,0.810213844,0.721279944,0.731981486,0.872210953,0.799613153,0.804878049,25000,7554,17614.5,23250,19956.5,20375,19675,22200,18750,20500,19700,21250,20030,13235,8576,4759,3308,3765,6162,12387,848,6671,6564,7224,6011,3162,10073,6093,4935,5719,4537,5170,4100,42800,41200,38900,47100,25000,0.721279944,0.731981486,0.5044,5678,589,232,298,31,2,103,355,110,2013-14
174066,University of Minnesota,0.0215,0.0196,0.0208,0.0028,0.038,0,0.0247,0.0043,0.0481,0.1104,3.00E-04,0.0319,0.016,0,0.0575,0,0,0.0796,0.0284,0,0.0384,0.0353,0.0041,0,0.0233,0,0.0755,0,0,0.1212,0.0025,0,0,0,0.0467,0.0278,0.1044,0.0169,1,1,1,1,1,0,2,1,2,2,0,1,1,0,1,0,0,1,1,0,2,1,1,0,1,0,1,0,0,1,1,0,0,0,1,1,2,1,17208,9535,11211,15468,20493,22946,10322,13692,21865,2359,370,328,458,530,673,0.2169,0.754,5256,0.6948,0.4516,0.776033415,0.684141761,0.708557176,0.834032464,0.73798214,0.74819686,0.899765408,0.814057632,0.810224259,20500,8005,15963,16750,16746,16500,17451,17699,15000,16500,16696,17658.5,16250,13638,8550,5163,3559,3957,6122,11395,2243,6679,6959,7443,6195,2838,10800,6123,5212,5263,4714,5136,4147,42000,56000,40900,49200,20500,0.73798214,0.74819686,0.5447,3990,261,128,598,64,0,0,154,61,2013-14
181464,University of Nebraska,0.0833,0.0196,0.0175,0.0019,0.0677,0,0.0102,0,0.0844,0.1045,0.015,0.0148,0.0903,0,0.0218,3.00E-04,0,0.0516,0.0075,0,0.0059,0,0.0024,0,0.0099,0,0.0559,0.0097,0,0.0395,0,0,0,0,0.0371,0.0244,0.2101,0.0148,2,1,1,1,1,0,1,0,1,1,1,1,1,0,1,1,0,1,1,0,1,1,1,0,1,0,1,1,0,1,0,0,0,0,1,1,1,1,16294,11123,12109,15470,19063,19683,11609,14103,19378,1880,278,270,394,462,476,0.1979,0.6678,4214,0.6316,0.4022,0.77563425,0.672912036,0.692329873,0.84549092,0.753942061,0.757544931,0.895652174,0.819539766,0.818219122,21500,6500,12000,13400,14280,13076,13105,14074,12402,13250,13000,12372,13500,7801,4261,3579,1713,2631,3457,7027,774,3795,4006,3793,4008,1895,5906,3149,3468,2727,2949,2477,2437,37800,38000,34300,40900,21500,0.753942061,0.757544931,0.3234,3423,117,163,107,20,0,0,76,308,2013-14
186380,Rutgers University,0.0188,0.0147,0.0051,0.011,0.1023,0,0.0361,0,0,0.0952,0,0.0165,0,0,0.0338,0,0,0.0958,0.0149,0,0.0121,0.0425,0.0104,0,0.0198,0,0.0855,0.0383,0.0097,0.1267,0,0,0,0,0.035,0.0299,0.1129,0.0334,1,1,1,1,1,0,1,0,0,1,0,1,0,0,1,0,0,1,1,0,1,1,1,0,1,0,1,1,1,1,0,0,0,0,1,1,1,1,19770,11659,13547,20396,25509,26648,12361,17179,26220,3536,879,520,587,582,968,0.3105,0.7969,5504,0.7344,0.5591,0.713872544,0.612398085,0.653004322,0.772875179,0.667821704,0.714512712,0.844760269,0.75912044,0.774625375,21069,8250,16500,18464,16751,17500,15945.5,19000,15000,17076,17500,17534.5,17083.5,19960,13105,6966,6581,5892,7487,16418,3542,11252,8708,10563,9397,6274,13686,7727,7173,6349,5664,6003,5005,44700,54000,44300,48500,21069,0.667821704,0.714512712,0.571,2774,497,493,1493,14,0,0,64,169,2013-14
204796,The Ohio State University,0.0413,0.0116,0.0181,0.0023,0.0489,0,0.0043,0,0.0213,0.122,0,0.0243,0.0714,0,0.0264,0.0026,0,0.0656,0.0097,0,0.0085,0.013,0.0042,0,0.0133,0,0.0552,0,0.0201,0.1149,0,0,0,0.0034,0.0248,0.0879,0.1686,0.0162,1,1,1,1,1,0,1,0,1,1,1,1,1,0,1,1,0,1,1,0,1,1,1,0,1,0,1,0,1,1,0,0,0,1,1,2,1,1,17866,10026,12218,16953,20832,22369,11003,15098,21747,3123,478,384,596,674,991,0.2224,0.8323,6155,0.7687,0.4587,0.701216447,0.555493084,0.600564972,0.761347162,0.618770227,0.661306407,0.818249627,0.690167998,0.713835616,21500,6249,12000,14462.5,15265,14250,13211,14714,13500,14250,14000,13166.5,14500,19905,10654,9330,5581,6140,8184,16779,3126,10731,9174,10150,9755,6310,13595,8893,8850,7725,8022,7262,7300,39400,38900,35400,42900,21500,0.618770227,0.661306407,0.5852,4978,421,177,371,18,0,0,134,56,2013-14
214777,Penn State University,0.0296,0.0132,0.0072,0.0026,0.0874,0,0.0517,0,0.0515,0.1469,0,0.0158,0.0239,0,0.0102,0.0012,0,0.0547,0.0151,0,0.014,0.0436,0.0061,0,0.0329,0.0033,0.0401,0.0377,0,0.0779,0,0,0,0,0.0258,0.0516,0.1441,0.012,2,1,1,1,1,0,2,0,2,2,0,1,2,0,1,1,0,1,1,0,1,1,1,0,1,1,2,2,0,2,0,0,0,0,2,2,2,1,27032,19268,21229,25028,28929,30485,20234,23436,29954,2682,304,295,409,572,1102,0.1768,0.8484,6492,0.7583,0.522,0.77762901,0.606795111,0.688754641,0.856110588,0.689951931,0.76137076,0.887947199,0.754117862,0.804016268,26750,7000,16750,19000,20000,19500,15750,19500,18604.5,19000,19250,18000,19500,34687,19906,14936,9685,11073,13929,28529,6158,18395,16292,17186,17501,11560,23127,14481,15891,12898,14357,10928,11802,41800,42200,37600,45300,26750,0.689951931,0.76137076,0.6458,5328,268,315,335,6,0,0,240,0,2013-14
240444,University of Wisconsin,0.0273,0.0128,0.0036,0.0162,0.0566,0,0.0159,0,0.0218,0.1037,0,0.0449,0.0257,0.0123,0.0287,0,0,0.1423,0.0189,0,0.0318,0.0128,0.0108,0,0.0177,0,0.0414,0,0.011,0.139,0,0,0,0,0.0294,0.0419,0.1031,0.0303,1,1,1,1,1,0,1,0,1,1,0,1,1,1,1,0,0,1,1,0,1,1,1,0,1,0,1,0,1,1,0,0,0,0,1,2,1,1,18387,8306,11137,16215,21188,22900,9773,14186,22171,1868,200,215,323,481,649,0.1501,0.8284,5980,0.7426,0.3616,0.86565124,0.81097561,0.819223425,0.895755443,0.848833776,0.843278217,0.922035598,0.890280066,0.880942706,22332,8700,16389,20780,19500,19547,16130,22200,18500,19688,19250,19995,19500,8381,6357,2065,1184,2335,4862,7705,676,2937,5444,4523,3858,1542,6839,3608,3142,3387,2782,3035,2461,47000,47600,42900,51800,22332,0.848833776,0.843278217,0.5503,4658,181,220,373,55,0,0,303,190,2013-14
243780,Purdue University,0.058,0.0105,0.0041,0.0032,0.0309,0,0.0461,0,0.0553,0.1865,0.0551,0.0094,0.0219,0,0.0098,0.0031,0,0.0281,0.0257,0,0.0045,0.0104,0.002,0,0.0196,0,0.0277,0,0,0.0628,0,0.0023,0,0.0169,0.0226,0.0668,0.206,0.0109,1,1,1,1,1,0,1,0,1,1,1,1,1,0,1,1,0,1,1,0,1,1,1,0,1,0,1,0,0,1,0,1,0,1,1,1,1,1,15543,7228,9375,14745,19995,21612,8167,12598,20837,2066,369,287,431,469,510,0.2058,0.6994,6830,0.6806,0.3878,0.832917291,0.728537674,0.754252552,0.895043184,0.795194508,0.808238929,0.921096149,0.83529797,0.843028846,23180.5,7500,17890,19500,19500,19500,18750,20000,18967.5,19500,19000,20251.5,19118,9054,6516,2575,1782,2790,4482,8331,723,4490,4564,3916,5138,2226,6828,3809,4997,3496,4855,3054,4160,46700,51500,40900,51700,23180.5,0.795194508,0.808238929,0.4179,5431,299,216,400,36,0,0,407,41,2013-14
145637,University of Illinois at Urbana-Champaign,0.0564,0.0062,0.0239,0.0182,0.0821,0,0.0242,1.00E-04,0.0354,0.1668,0,0.0118,0.0083,0,0.0273,0.0028,0,0.0715,0.0179,0,0.0103,0.0352,0.0047,0,0.026,0,0.0626,0,0.0056,0.0838,0,0,0,4.00E-04,0.0309,0.0383,0.1305,0.0186,1,1,1,1,1,0,1,1,1,1,1,1,1,1,1,1,1,1,1,0,2,2,2,0,2,0,2,0,2,2,0,0,0,2,2,2,2,2,19058,8626,11980,18591,24421,26362,10022,15485,25585,3246,656,468,528,638,956,0.205,0.8396,7152,0.7798,0.431,0.803965582,0.733731343,0.768321513,0.868961353,0.805511562,0.821386604,0.907783418,0.843607778,0.869597616,20250,8298,16500,18500,18500,18250,12500,19000,17000,18750,17250,18664,17750,9596,7259,2367,2005,2851,4740,9175,421,4339,5257,4563,5033,2294,7302,3350,3807,3157,3404,2417,2684,46700,44400,41300,50900,20250,0.805511562,0.821386604,0.686980999,4656,541,628,844,8,6,85,327,57,2012-13
147767,Northwestern University,0,0.0083,0,0.0054,0.1899,0,0.0121,0,0.0054,0.1269,0,0.02,0,0,0.0292,4.00E-04,0,0.0447,0.0225,0,0.0096,0,0.01,0,0.0125,0,0.0831,0,0.0388,0.1886,0,0,0,0,0.1023,0.0213,0.0417,0.0271,0,1,0,1,1,0,1,0,1,1,1,1,1,1,1,1,0,1,1,0,1,1,1,1,1,1,1,0,1,1,0,0,0,0,1,1,1,1,NULL,NULL,NULL,NULL,NULL,NULL,NULL,NULL,NULL,NULL,NULL,NULL,NULL,NULL,NULL,0.1377,0.9296,2060,0.8911,0.3533,0.881560284,0.826732673,0.834101382,0.925039872,0.900437637,0.874826147,0.94,0.922885572,0.919263456,16167,6332,7000,13984.5,17170.5,16759.5,6000,15650,13024,13816.5,13813.5,10500,14450,2714,2163,565,618,696,1400,2068,646,728,1986,1460,1254,321,2393,1010,868,914,719,804,706,54000,91800,61200,75300,16167,0.900437637,0.874826147,0.858252427,1221,115,155,351,2,0,24,101,91,2012-13
151351,Indiana University,0,0.0024,0,0.0043,0.091,0.002,0.0312,0,0.0782,0,1.00E-04,0.0246,0.0194,0,0.0177,0.03,0,0.0685,0.0092,0,0.0084,0.0712,0.0057,0,0.0136,0,0.0461,0.0189,0.0715,0.074,0,0,0,0,0.0578,0.0254,0.2145,0.0142,0,1,0,1,1,1,1,0,2,0,2,2,2,2,2,2,2,2,2,0,2,2,2,0,2,0,2,2,2,2,0,0,0,0,2,2,2,2,13795,4726,7435,14634,18614,19701,5845,11642,19192,2756,546,384,540,602,684,0.2011,0.7533,7208,0.7143,0.4102,0.831766452,0.724802805,0.685707835,0.859433458,0.75608532,0.731950208,0.912850467,0.828342798,0.805061179,23481.5,16000,15500,17750,19500,18446.5,16284,18500,18000,18350.5,18186,17534,18500,10883,2204,8691,2147,3088,5648,10238,645,4861,6022,5540,5343,2622,8261,4564,4429,3985,3615,3874,3596,38300,46500,36400,42000,23481.5,0.75608532,0.731950208,0.549082314,6087,339,176,277,22,2,51,210,44,2012-13
153658,University of Iowa,0,0.0064,0,0.008,0.0734,0,0.0127,0,0.0334,0.0588,0,0.0216,0,0,0.0484,0.0784,0,0.0336,0.0132,0,0.03,0.0647,0.0066,0,0.0123,0,0.072,0,0.0066,0.0854,0,0,0,0,0.0586,0.0706,0.1842,0.0211,0,1,1,1,1,0,1,0,1,1,0,1,0,1,1,1,1,1,1,0,1,1,1,1,1,0,1,1,1,1,0,0,0,0,1,1,1,1,16056,9132,12328,16228,18513,18967,10756,14675,18750,1334,178,184,278,331,363,0.1916,0.6981,4256,0.7143,0.4853,0.766401591,0.690212511,0.677245319,0.831768388,0.762302693,0.754947823,0.903365907,0.829985119,0.816580756,21008,8607,11750,15667.5,16500,15751,9500,17000,14000,15000,15000,15934.5,15000,8742,4754,4011,2225,2602,3915,7229,1513,3698,5044,4568,4174,2008,6734,3341,3151,3231,2779,2688,2328,40700,55700,40800,46100,21008,0.762302693,0.754947823,0.46875,3754,81,110,168,24,0,0,28,91,2012-13
163286,University of Maryland,0.0259,0.0059,0.0106,0.0182,0.0584,0,0.0359,0,0.052,0.0991,0,0.0228,0.0193,0,0.0355,0,0,0.086,0.0165,0,0.0014,0.0351,0.0087,0,0.0176,0,0.0455,0,0,0.1938,0,0,0,0,0.0323,0.0149,0.1408,0.0235,1,1,1,1,1,0,1,0,1,1,0,1,1,0,1,0,1,1,1,0,1,1,1,0,1,0,1,0,1,1,0,0,0,0,1,1,1,1,16310,7605,11730,16182,19498,20892,9386,14382,20373,1183,200,152,224,226,381,0.1886,0.8202,3944,0.5806,0.3615,0.827667814,0.767486426,0.780925401,0.871037659,0.78832366,0.805960041,0.925547445,0.860608394,0.86121673,17750,8980,12707,14500,15241,14994.5,14707,14800,15000,14957,14934,14908,14967.5,8069,5224,2871,1674,2223,4172,7084,985,3568,4501,3966,4103,1711,6358,3131,3177,2929,2953,2597,2630,47400,48800,42900,51800,17750,0.78832366,0.805960041,0.632099391,2189,590,314,584,14,3,84,31,135,2012-13
170976,University of Michigan - Ann Arbor,0,0.0165,0.0162,0.0156,0.0305,0,0.0293,0,0.0182,0.1846,0,0.0348,0,0,0.0385,0.0112,0,0.0894,0.0245,0,0.0185,0.0342,0.0054,0,0.012,0,0.0943,0,0.0079,0.1368,0,0,0,0,0.0589,0.0391,0.0639,0.0197,0,1,1,1,1,0,1,0,1,1,0,1,0,1,1,1,0,1,1,0,1,1,1,0,1,0,1,0,1,1,0,0,0,0,1,2,2,2,15574,5431,7909,12348,18851,23166,6502,10522,21447,1937,314,239,342,415,627,0.1632,0.9068,5356,0.8924,0.3819,0.784162241,0.719223301,0.750377644,0.832104832,0.76789496,0.788528897,0.872930464,0.815878378,0.809927361,21500,7250,16435,20811,19500,19708,13147,19938,19500,19500,19500,20000,19500,7263,5858,1431,1354,1956,3953,6902,361,2909,4354,3693,3570,1173,6090,2575,2648,2361,2284,1776,1652,53000,66500,48400,64800,21500,0.76789496,0.788528897,0.760268857,3555,267,298,598,12,0,164,223,239,2012-13
171100,Michigan State University,0.0381,0.0114,0.0058,2.00E-04,0.0981,0.007,0.01,0,0.034,0.0522,0.022,0.0171,0.015,0.0115,0.0249,0.005,0,0.1006,0.0108,0,0.0292,0.0249,0.002,0,0.0165,0,0.0465,0.0214,0.0101,0.1092,0.001,0,0,0,0.0257,0.0576,0.1777,0.0145,1,1,1,1,1,1,1,0,1,1,1,1,1,1,1,1,0,1,1,0,1,1,1,0,1,0,1,1,1,1,1,0,0,0,1,2,2,2,15897,6394,11942,18188,20883,22069,8450,15170,21545,3680,907,534,571,736,932,0.2514,0.7913,7306,0.6797,0.5056,0.7538874,0.660810811,0.677323735,0.83271662,0.75625849,0.753283974,0.896659536,0.813831926,0.81795196,24432,7455,17362,21151,19500,19500,18889,21290,18250,19762,19125,19930,19500,13427,8426,5090,3346,3849,6232,12509,918,6787,6640,7431,5996,3197,10230,5920,4723,5153,4187,4974,3955,40700,48000,38400,45100,24432,0.75625849,0.753283974,0.52983826,5639,614,232,388,36,1,66,256,74,2012-13
174066,University of Minnesota,0.0207,0.0194,0.0183,0.0041,0.0421,0,0.0192,0.0042,0.047,0.1024,3.00E-04,0.037,0.016,0,0.0545,0,0,0.09,0.0235,0,0.0383,0.0352,0.0042,0,0.0236,0,0.071,0,0,0.1357,0.0036,0,0,0,0.047,0.03,0.0972,0.0155,1,1,1,1,1,0,2,2,2,2,2,2,2,2,2,2,0,2,2,0,2,2,2,0,2,2,2,0,2,2,2,0,0,0,2,2,2,2,16389,9184,10336,14888,19715,22226,9685,12922,21039,2354,416,320,421,566,631,0.2292,0.7294,5418,0.7246,0.4694,0.788289051,0.688115202,0.707166392,0.850688817,0.760168303,0.754552076,0.909090909,0.825602969,0.81969449,19944,7500,14500,15204,15814,15000,15526,16103,15000,15000,15485,15775,15000,13867,8451,5466,3791,4041,6035,11486,2381,6819,7048,7586,6281,3031,10836,5486,4856,4991,4119,4312,3666,40700,56500,40200,47900,19944,0.760168303,0.754552076,0.504614249,4194,284,109,640,57,0,0,69,65,2012-13
181464,University of Nebraska,0.0679,0.022,0.0223,0.003,0.0698,0,0.0067,0,0.0792,0.1039,0.0255,0.014,0.0883,0,0.025,3.00E-04,0,0.0467,0.0056,0,0.0019,0,0.0011,0,0.0148,0,0.0532,0.0067,0,0.0491,0,0,0,0,0.0403,0.0199,0.218,0.0148,2,2,2,2,2,0,2,0,2,2,2,2,2,2,2,2,0,2,2,0,2,2,2,0,2,0,2,2,0,2,0,0,0,0,2,2,2,2,15153,9972,11071,14710,17730,18376,10486,13364,18065,1971,298,262,446,464,501,0.2274,0.6463,3828,0.6809,0.4554,0.791679138,0.6925,0.691935484,0.860291624,0.773684211,0.769633508,0.901401869,0.818138876,0.820634169,21001,6500,11694,12500,14000,12750,12500,13200,12000,12644,12661,12500,12750,7899,4188,3734,1729,2749,3421,7130,769,3777,4122,3871,4028,1896,6003,2800,3100,2470,2674,2117,2113,36900,36600,33800,39700,21001,0.773684211,0.769633508,0.29414838,3245,102,156,117,35,0,0,47,126,2012-13
186380,Rutgers University,0.0133,0.0191,0.0048,0.0158,0.096,0,0.0294,0,0,0.0998,0,0.0158,0,0,0.038,0,0,0.0915,0.0139,0,0.0121,0.0408,0.0117,0,0.0172,0,0.0994,0.0362,0.0098,0.1489,0,0,0,0,0.0346,0.0248,0.0893,0.0377,1,1,1,1,1,0,1,0,1,1,0,1,0,0,1,0,1,1,1,0,1,1,1,0,1,0,1,1,1,1,0,0,0,0,1,1,1,1,19688,11992,14436,20361,24940,25932,12973,17465,25524,3662,869,583,610,658,942,0.3069,0.7931,5253,0.86,0.5642,0.728451296,0.626730168,0.660352711,0.797092938,0.69620893,0.737612839,0.874465604,0.783738318,0.798187996,20500,7500,16076,17408,15712.5,16106,18000,17852.5,15000,16500,16099,16750,16250,19005,12175,6924,6051,5614,7340,15991,3014,10562,8443,9940,9065,6153,12852,6719,6124,5935,4985,5350,4415,43500,53600,43300,47700,20500,0.69620893,0.737612839,0.569129917,2535,505,453,1478,5,0,0,100,177,2012-13
204796,The Ohio State University,0.043,0.0114,0.0126,0.0027,0.0495,0,0.0067,0,0.0211,0.1032,3.00E-04,0.0302,0.0795,0,0.0295,0.003,0,0.065,0.0107,0,0.0085,0.0115,0.004,0,0.0108,0,0.0578,0,0.0146,0.1224,0,0,0,0.0046,0.0294,0.0762,0.1752,0.0165,1,1,1,1,1,0,1,0,1,2,2,2,2,2,2,2,0,2,2,0,2,2,2,0,2,0,2,0,2,2,0,0,0,2,2,2,2,2,20333,13273,15017,20522,23456,24559,13977,18530,24038,3194,562,380,670,747,835,0.2372,0.8243,6262,0.7889,0.4766,0.707457591,0.563882064,0.600790041,0.787252475,0.648343804,0.680523056,0.83829469,0.701298701,0.727329096,20500,5784,10820,13667.5,14666.5,13500,12500,13625,13000,13125,13287,12500,13699.5,21637,11233,10485,6237,6772,8628,18057,3580,11736,9901,10956,10681,7097,14540,8140,8354,7004,7265,6545,6451,37900,37600,34000,41400,20500,0.648343804,0.680523056,0.526189716,5059,400,187,388,29,0,0,90,109,2012-13
214777,Penn State University,0.0262,0.0127,0.0072,0.0027,0.0927,0,0.0545,0,0.0451,0.1338,0,0.02,0.0283,0,0.0134,0.0016,0,0.05,0.012,0,0.0166,0.0413,0.0054,0,0.0278,0.0033,0.0388,0.0388,0,0.0753,0,0,0,0,0.0257,0.059,0.1545,0.0131,2,2,2,2,2,0,2,0,2,2,0,2,2,2,2,2,0,2,2,0,2,2,2,0,2,2,2,2,2,2,0,0,0,0,2,2,2,2,26179,18115,19579,24084,28243,29980,18803,22287,29409,2538,302,268,404,514,1050,0.188,0.8557,8016,0.75,0.5384,0.811569369,0.636510382,0.708077376,0.86018112,0.700993756,0.771105172,0.904868591,0.780751363,0.816374823,26000,6250,15000,18250,19500,19000,14500,18321.5,18250,18000,18500,16181,19000,34666,19596,15181,9482,11351,13833,28850,5816,18272,16394,16886,17780,11776,22890,13629,15302,11371,12722,9902,10565,40800,41800,36700,44300,26000,0.700993756,0.771105172,0.654230097,6792,302,271,454,5,0,0,192,0,2012-13
240444,University of Wisconsin,0.0255,0.0092,0.0033,0.0146,0.0626,0,0.0153,0,0.0204,0.1007,0,0.0411,0.029,0.0123,0.0338,0,0,0.1222,0.0198,0,0.0336,0.0114,0.0115,0,0.0185,0,0.0438,0,0.0104,0.1325,0,0,0,0,0.0311,0.0472,0.1163,0.0338,1,1,1,1,1,0,1,0,1,1,0,1,1,1,1,0,1,1,1,0,1,1,1,0,1,0,1,0,1,1,0,0,0,0,1,2,2,2,17075,7323,9513,15668,20039,21541,8616,13366,20888,1897,170,245,410,466,606,0.1629,0.818,5633,0.6594,0.3793,0.869520688,0.823512985,0.81523224,0.893975332,0.849458943,0.841051805,0.93876372,0.904761905,0.891313837,21348.5,8000,14934,19265,18260,18469,13800,20027,17000,17993,17939,18798,17800,8266,6128,2161,1204,2361,4701,7565,701,2886,5380,4463,3803,1635,6631,3581,2928,3142,2548,2751,2291,45500,48500,42300,50100,21348.5,0.849458943,0.841051805,0.526362507,4458,185,206,374,36,0,0,229,145,2012-13
243780,Purdue University,0.0645,0.0146,0.0019,0.0027,0.0292,0,0.0404,0,0.0493,0.1783,0.0549,0.0077,0.0215,0,0.0153,0.0023,0,0.0297,0.0209,0,0.0051,0.0094,0.0035,0,0.0205,0,0.0232,0,0,0.0595,0,0.0013,0,0.0331,0.0242,0.0714,0.2038,0.0119,1,1,1,1,1,0,1,0,1,1,1,1,1,0,1,1,0,1,1,0,1,1,1,0,1,0,1,0,0,1,1,1,0,1,1,1,1,1,15082,6410,8832,14860,19355,21163,7462,12535,20212,2178,384,295,470,541,488,0.2232,0.6945,7430,0.6995,0.4135,0.846965243,0.744154058,0.77010101,0.908184903,0.811292271,0.81398476,0.930324994,0.84544837,0.861104354,22125,7500,15500,17500,18500,17903,14750,18049,17500,18750,16943,18750,17500,9564,6494,3093,1966,2985,4613,8739,825,4707,4857,4220,5344,2456,7108,3635,4950,3312,4462,2944,4111,45100,52400,39600,49900,22125,0.811292271,0.81398476,0.393451957,5954,279,228,461,49,0,0,416,43,2012-13
